id,label
1,ATL
2,ANC
3,AUS
4,BNA
5,BOS
6,BWI
7,DCA
8,DFW
9,FLL
10,IAD
11,IAH
12,JFK
13,LAX
14,LGA
15,MCO
16,MIA
17,MSP
18,ORD
19,PBI
20,PHX
21,RDU
22,SEA
23,SFO
24,SJC
25,TPA
26,SAN
27,LGB
28,SNA
29,SLC
30,LAS
31,DEN
32,HPN
33,SAT
34,MSY
35,EWR
36,CID
37,HNL
38,HOU
39,ELP
40,SJU
41,CLE
42,OAK
43,TUS
44,SAF
45,PHL
46,DTW
47,YYZ
48,YVR
49,LHR
50,LGW
51,CDG
52,FRA
53,HEL
54,NRT
55,SYD
56,SIN
57,MEL
58,DXB
59,DEL
60,DUB
61,HKG
62,PER
63,AKL
64,PEK
65,WLG
66,BNE
67,PVG
68,FCO
69,BOM
70,AMS
71,KUL
72,PRG
73,BCN
74,MAD
75,VIE
76,ZRH
77,GVA
78,YOW
79,BRU
80,MUC
81,CHC
82,CBR
83,RSW
84,MAN
85,YUL
86,YEG
87,CGN
88,LCY
89,GOT
90,VCE
91,SNN
92,OSL
93,ARN
94,STN
95,EMA
96,EDI
97,GLA
98,LPL
99,YYC
100,MNL
101,BKK
102,DME
103,SVO
104,ITM
105,HND
106,DOH
107,ORY
108,NCE
109,MXP
110,ATH
111,ZAG
112,BUD
113,ALC
114,BIO
115,IBZ
116,MAH
117,CCJ
118,HYD
119,MAA
120,CCU
121,BLR
122,ICN
123,YYT
124,TFN
125,CPT
126,JNB
127,DUR
128,NBO
129,MBA
130,MVD
131,GIG
132,GRU
133,EZE
134,LIM
135,SCL
136,MEX
137,KIN
138,TLH
139,LCA
140,WAW
141,MLA
142,SOF
143,BEG
144,CAI
145,ADD
146,TLV
147,PIT
148,PWM
149,PDX
150,OKC
151,ONT
152,ROC
153,RST
154,KWI
155,PNH
156,AYQ
157,ASP
158,OOL
159,FAI
160,CNS
161,IST
162,BAH
163,YHZ
164,AUH
165,SGN
166,YWG
167,HAM
168,STR
169,GOA
170,NAP
171,PSA
172,TRN
173,BLQ
174,TSF
175,VRN
176,NTE
177,CPH
178,CLT
179,LUX
180,CUN
181,PSP
182,MEM
183,CVG
184,IND
185,MCI
186,DAL
187,STL
188,ABQ
189,MKE
190,MDW
191,HRO
192,SLN
193,OMA
194,TUL
195,PVR
196,OGG
197,MCY
198,DUS
199,GUM
200,TXL
201,CMB
202,LIS
203,GIB
204,TUN
205,TPE
206,LTN
207,KTM
208,NAS
209,FPO
210,GGT
211,EYW
212,FUK
213,KIX
214,CTS
215,JED
216,MCT
217,KEF
218,BGI
219,ANU
220,STT
221,BDA
222,TAB
223,POS
224,LOS
225,MBJ
226,HRE
227,LIT
228,LPA
229,SOU
230,PMI
231,ADL
232,DRW
233,CUR
234,DPS
235,CGK
236,BON
237,AUA
238,ORF
239,JAX
240,PVD
241,PUJ
242,MDT
243,SJO
244,SMF
245,RTB
246,TGU
247,LXR
248,RIX
249,RUH
250,CAN
251,AGP
252,FNC
253,LBA
254,ABZ
255,AYT
256,ISB
257,JER
258,ZTH
259,RHO
260,BRS
261,NCL
262,GCI
263,COS
264,HSV
265,BHM
266,YQB
267,RAP
268,SDF
269,BUF
270,SHV
271,BOI
272,LIH
273,LBB
274,EIN
275,SVQ
276,BSL
277,ECP
278,HRL
279,DBV
280,RNO
281,CMH
282,IDA
283,ALB
284,SVG
285,HKT
286,AMM
287,BGO
288,ICT
289,MAF
290,YXE
291,BDL
292,BIL
293,SXM
294,NAN
295,SGF
296,RIC
297,CCS
298,GYE
299,NKG
300,TXK
301,PIA
302,TLL
303,ALG
304,ITO
305,LEX
306,GUA
307,ISP
308,IAG
309,SWF
310,BIM
311,ORK
312,HAV
313,WRO
314,CRP
315,KHI
316,LHE
317,ASB
318,VKO
319,SPU
320,TSE
321,GYD
322,JAI
323,ACC
324,BHD
325,EBB
326,HAJ
327,LIN
328,LYS
329,MRS
330,OTP
331,RTM
332,CMN
333,TNG
334,ABV
335,ALA
336,BEY
337,CTU
338,FAO
339,FNA
340,JMK
341,JTR
342,KBP
343,RJK
344,TLS
345,LAD
346,LED
347,OPO
348,TIP
349,DAC
350,ZYL
351,LCG
352,TAS
353,IKA
354,MRU
355,SEZ
356,ABI
357,ACT
358,CLL
359,BMI
360,BOG
361,BPT
362,DSM
363,MYR
364,AEX
365,CZM
366,AGU
367,MTY
368,AMA
369,BJX
370,BRO
371,BTR
372,BZE
373,CAE
374,CHA
375,CHS
376,CMI
377,COU
378,CRW
379,DAY
380,CUU
381,DRO
382,EVV
383,FAR
384,FAT
385,FSD
386,FSM
387,FWA
388,GCK
389,GDL
390,GGG
391,GJT
392,GPT
393,GRI
394,GRK
395,GRR
396,GSO
397,GSP
398,JAN
399,JLN
400,LAW
401,LCH
402,LFT
403,LIR
404,LRD
405,MFE
406,MGM
407,MHK
408,MLI
409,MLM
410,MLU
411,MOB
412,MSN
413,MZT
414,PBC
415,PLS
416,PNS
417,PTY
418,QRO
419,ROW
420,SAL
421,SAV
422,SJD
423,SJT
424,SLP
425,SPI
426,SPS
427,TRC
428,TYR
429,TYS
430,VPS
431,XNA
432,ZCL
433,INN
434,UVF
435,CAK
436,BRL
437,MHT
438,SYR
439,YQR
440,FLO
441,AVL
442,POM
443,EGE
444,HDN
445,SRQ
446,FOE
447,LAN
448,ROA
449,MQT
450,GRB
451,BHX
452,INV
453,SZG
454,KGS
455,TRD
456,HAN
457,KHH
458,NGO
459,BLL
460,BRN
461,IOM
462,GRX
463,FLR
464,DRS
465,DOL
466,BVE
467,BES
468,ANR
469,BRE
470,CFE
471,PRN
472,HME
473,SXF
474,ERF
475,BFS
476,NQY
477,NOC
478,AAL
479,AES
480,TOS
481,TRF
482,KRK
483,KUN
484,FUE
485,ACE
486,TFS
487,AGA
488,RAK
489,SID
490,BVC
491,HRG
492,SSH
493,TIA
494,PFO
495,LEI
496,MJV
497,SCQ
498,VLC
499,BOD
500,BIA
501,AJA
502,MPL
503,SXB
504,HER
505,EFL
506,KLX
507,CFU
508,PVK
509,CHQ
510,SKG
511,BRI
512,CTA
513,PMO
514,OLB
515,PDL
516,ADB
517,DLM
518,BJV
519,SAW
520,TIV
521,NBE
522,MSQ
523,MLE
524,DTM
525,AGS
526,BGR
527,BTV
528,FAY
529,HHH
530,ILM
531,OAJ
532,NUE
533,LEJ
534,CWL
535,SEN
536,HUY
537,MME
538,NWI
539,EXT
540,KRS
541,GDN
542,VXO
543,LPI
544,SPC
545,NDR
546,VXE
547,KGL
548,JRO
549,SFB
550,GRO
551,JKH
552,KIT
553,SMI
554,SUF
555,LJU
556,KYA
557,ASR
558,POP
559,HOG
560,VRA
561,DMM
562,EBL
563,UIO
564,PBM
565,GUW
566,TBS
567,XMN
568,HGH
569,BQN
570,APF
571,GNV
572,LRM
573,SDQ
574,STI
575,SAP
576,MID
577,MGA
578,PAP
579,CYB
580,GCM
581,MHH
582,ELH
583,BEL
584,BSB
585,CNF
586,CWB
587,MAO
588,REC
589,SSA
590,ASU
591,BAQ
592,CTG
593,CLO
594,MDE
595,LPB
596,BLA
597,MAR
598,GEO
599,FDF
600,PTP
601,GND
602,STX
603,SKB
604,DKR
605,BUR
606,AZS
607,PSE
608,ACY
609,ABE
610,ABY
611,ATW
612,AVP
613,AZO
614,BQK
615,CHO
616,CSG
617,DAB
618,DHN
619,EWN
620,FNT
621,GTR
622,LWB
623,MBS
624,MCN
625,MEI
626,MLB
627,MSL
628,PHF
629,PIB
630,SBN
631,TRI
632,TTN
633,TUP
634,VLD
635,KIR
636,KTW
637,LUZ
638,PPT
639,LNY
640,KOA
641,APW
642,PPG
643,MAJ
644,CXI
645,TRW
646,INU
647,JHM
648,MKK
649,YXU
650,ALO
651,SUX
652,YKF
653,VNO
654,AGR
655,HJR
656,VNS
657,VVO
658,BOJ
659,IXE
660,REU
661,BZR
662,AMD
663,JDH
664,PNQ
665,SZX
666,HIJ
667,DIL
668,TSN
669,CSX
670,PEN
671,WUH
672,HAK
673,KMG
674,FOC
675,NGB
676,TAO
677,CKG
678,KWE
679,NNG
680,KOJ
681,OIT
682,KMQ
683,YGJ
684,MYJ
685,TAK
686,KIJ
687,SDJ
688,CJU
689,PUS
690,OKA
691,SPN
692,ROR
693,RGN
694,DMK
695,CNX
696,KBV
697,USM
698,HDY
699,DAD
700,BWN
701,CEB
702,ULN
703,MFM
704,BPN
705,BKI
706,CRK
707,KBR
708,ILO
709,REP
710,KHV
711,UUS
712,CGQ
713,DLC
714,SHE
715,KCH
716,MYY
717,KUA
718,IPH
719,LGK
720,TGG
721,SZB
722,SHJ
723,ADE
724,CJB
725,COK
726,VAR
727,TRV
728,DVO
729,VTE
730,SUB
731,BDO
732,LOP
733,KLO
734,PKU
735,PLM
736,SOC
737,SRG
738,UPG
739,TRZ
740,SAH
741,JOG
742,DIU
743,PBD
744,NOU
745,TSA
746,SHM
747,UKB
748,OBO
749,HKD
750,KUH
751,MMB
752,SHB
753,WKJ
754,UBJ
755,MBE
756,AKJ
757,KMI
758,KKJ
759,HSG
760,KMJ
761,NGS
762,ASJ
763,TOY
764,NTQ
765,OKJ
766,IZO
767,KCZ
768,TTJ
769,TKS
770,IWJ
771,AOJ
772,GAJ
773,AXT
774,MSJ
775,ONJ
776,SYO
777,HAC
778,OIM
779,GMP
780,ISG
781,MMY
782,SHA
783,FNI
784,CRL
785,WAT
786,RYG
787,WMI
788,RZE
789,PUY
790,ZAD
791,BVA
792,TPS
793,BGY
794,CIA
795,CCC
796,DJE
797,HDF
798,FMO
799,FDH
800,GWT
801,POZ
802,WDH
803,XRY
804,GPA
805,GRZ
806,LNZ
807,ESB
808,KIV
809,TGD
810,OVB
811,DYU
812,GOJ
813,KUF
814,LUN
815,HGA
816,BBO
817,JIB
818,HBE
819,PZU
820,JUB
821,KRT
822,DAR
823,GSM
824,SKP
825,KBL
826,BTS
827,DLA
828,AAE
829,CZL
830,ORN
831,COO
832,OUA
833,ABJ
834,NIM
835,MIR
836,SFA
837,LFW
838,BZV
839,PNR
840,BGF
841,NSI
842,RUN
843,TNR
844,LBV
845,NDJ
846,FIH
847,BKO
848,ROB
849,RBA
850,NKC
851,CKY
852,RAI
853,OVD
854,VGO
855,PUF
856,BIQ
857,CLY
858,RNS
859,OSR
860,EVN
861,SVX
862,UGC
863,YYJ
864,ACV
865,BFL
866,CEC
867,CIC
868,EUG
869,LMT
870,MFR
871,MOD
872,MRY
873,OTH
874,PSC
875,RDD
876,RDM
877,SBA
878,SBP
879,RMQ
880,TNN
881,TYN
882,YLW
883,ASE
884,BLI
885,CLD
886,GEG
887,IGM
888,MCE
889,MMH
890,YUM
891,PRC
892,SMX
893,STS
894,VIS
895,DGO
896,HMO
897,LTO
898,UPN
899,ZIH
900,ZLO
901,RAR
902,TNA
903,XIY
904,KHN
905,CGO
906,YNT
907,PVU
908,BTM
909,BZN
910,CDC
911,CNY
912,COD
913,CPR
914,EKO
915,GCC
916,FCA
917,GTF
918,HLN
919,JAC
920,LWS
921,MSO
922,PIH
923,RKS
924,SGU
925,TWF
926,VEL
927,XUZ
928,SYX
929,BKG
930,YMM
931,AIA
932,ALS
933,BFF
934,BIS
935,CEZ
936,CYS
937,DDC
938,DIK
939,EAR
940,FMN
941,GUC
942,ILG
943,ISN
944,LAR
945,LBF
946,LBL
947,LNK
948,MCK
949,MOT
950,MTJ
951,PGA
952,PIR
953,PUB
954,RIW
955,SHR
956,ART
957,CMX
958,CWA
959,DBQ
960,DEC
961,DLH
962,EAU
963,ELM
964,LSE
965,MKG
966,PAH
967,STC
968,TOL
969,TVC
970,SCE
971,SUV
972,TBU
973,VLI
974,ZQN
975,ARM
976,BHQ
977,HTI
978,MKY
979,BNK
980,PPP
981,BME
982,BHS
983,TSV
984,GLT
985,GFF
986,HVB
987,LDH
988,LSY
989,AVV
990,ABX
991,MIM
992,HBA
993,MQL
994,LST
995,MRZ
996,MYA
997,NRA
998,OAG
999,KTA
1000,PKE
1001,PQQ
1002,CFS
1003,DBO
1004,NLK
1005,TMW
1006,WGA
1007,TRO
1008,TWB
1009,NTL
1010,DPO
1011,KNS
1012,MGB
1013,KGI
1014,PHE
1015,BWT
1016,TUO
1017,DUD
1018,GIS
1019,HLZ
1020,KKE
1021,KAT
1022,NPL
1023,NPE
1024,NSN
1025,PMR
1026,PPQ
1027,ROT
1028,TRG
1029,BHE
1030,WHK
1031,WRE
1032,WAG
1033,HLD
1034,TAE
1035,YKS
1036,MWX
1037,CJJ
1038,IKT
1039,UUD
1040,KJA
1041,FNJ
1042,LHW
1043,LXA
1044,HRB
1045,JMU
1046,MDG
1047,NDG
1048,YNJ
1049,JGS
1050,TLC
1051,LBE
1052,ORH
1053,PBG
1054,TCB
1055,GHB
1056,ZSA
1057,AXM
1058,YQM
1059,YTZ
1060,AOO
1061,BGM
1062,BKW
1063,HGR
1064,JST
1065,LNS
1066,MGW
1067,SHD
1068,ITH
1069,GFK
1070,AZA
1071,RFD
1072,ABR
1073,APN
1074,ATY
1075,BJI
1076,BRD
1077,HIB
1078,IMT
1079,INL
1080,RHI
1081,ACK
1082,AUG
1083,BHB
1084,HYA
1085,LEB
1086,MVY
1087,PQI
1088,PVC
1089,RKD
1090,RUT
1091,SLK
1092,BET
1093,BRW
1094,CDB
1095,CDV
1096,ADK
1097,DLG
1098,ADQ
1099,ENA
1100,HOM
1101,ILI
1102,JNU
1103,AKN
1104,MCG
1105,ANI
1106,OME
1107,OTZ
1108,STG
1109,SCC
1110,SDP
1111,KSM
1112,SNP
1113,UNK
1114,VDZ
1115,AHN
1116,MKL
1117,HOB
1118,VCT
1119,ACA
1120,HUX
1121,CME
1122,SLW
1123,OAX
1124,TAM
1125,VSA
1126,VER
1127,FLG
1128,SOW
1129,SVC
1130,YAM
1131,YDF
1132,YFC
1133,YGK
1134,YQG
1135,YQT
1136,YQY
1137,YSB
1138,YSJ
1139,YTS
1140,YYB
1141,YYG
1142,YZR
1143,CMW
1144,SNU
1145,VTZ
1146,MDC
1147,RDN
1148,SWA
1149,LJG
1150,WUX
1151,ERI
1152,HVN
1153,IPT
1154,SBY
1155,CIU
1156,ESC
1157,PLN
1158,BFD
1159,DUJ
1160,FKL
1161,JHW
1162,PKB
1163,YZF
1164,KDH
1165,AHB
1166,ELQ
1167,HAS
1168,MED
1169,TUU
1170,TIF
1171,YNB
1172,AWZ
1173,BUZ
1174,KIH
1175,BDH
1176,IFN
1177,BND
1178,MHD
1179,LRR
1180,LFM
1181,SYZ
1182,TBZ
1183,ZBR
1184,ZAH
1185,AZI
1186,SLL
1187,MUX
1188,PEW
1189,SKT
1190,BGW
1191,BSR
1192,NJF
1193,ISU
1194,RIY
1195,FRU
1196,HRK
1197,KRR
1198,MRV
1199,ROV
1200,VOG
1201,GOI
1202,CGP
1203,LKO
1204,XSB
1205,DWC
1206,ATQ
1207,SSG
1208,MLN
1209,BJZ
1210,RJL
1211,PNA
1212,EAS
1213,SDR
1214,LDE
1215,AHO
1216,CAG
1217,CLJ
1218,TSR
1219,SCU
1220,VVI
1221,RMF
1222,VOL
1223,KLU
1224,SJJ
1225,IAS
1226,SBZ
1227,ACH
1228,KSC
1229,DNK
1230,LWO
1231,ODS
1232,LIL
1233,BDS
1234,LUG
1235,EBA
1236,BNX
1237,LIG
1238,ETZ
1239,FSC
1240,CFR
1241,IPL
1242,YZZ
1243,QBC
1244,YBL
1245,YCD
1246,YCG
1247,YDQ
1248,YKA
1249,YPR
1250,YPW
1251,YQQ
1252,YQZ
1253,YWL
1254,YXC
1255,YXJ
1256,YXS
1257,YXT
1258,YXY
1259,YYD
1260,YYF
1261,YZP
1262,YZT
1263,ZMT
1264,HHN
1265,FMM
1266,BOH
1267,BLK
1268,PIK
1269,CFN
1270,BZG
1271,SZZ
1272,ALW
1273,EAT
1274,PIE
1275,PUW
1276,YKM
1277,LRH
1278,RDZ
1279,CCF
1280,PGF
1281,TUF
1282,CIY
1283,KTN
1284,DOM
1285,SBH
1286,CPX
1287,MAZ
1288,VQS
1289,NEV
1290,AXA
1291,EIS
1292,VIJ
1293,YFB
1294,SCK
1295,PGD
1296,TAY
1297,IVL
1298,JOE
1299,JYV
1300,KEM
1301,KAJ
1302,KOK
1303,KAO
1304,KUO
1305,MHQ
1306,OUL
1307,POR
1308,RVN
1309,SVL
1310,TMP
1311,TKU
1312,VAA
1313,BMA
1314,NRK
1315,GZP
1316,CEE
1317,HEA
1318,IXU
1319,BDQ
1320,BHO
1321,IDR
1322,JLR
1323,NAG
1324,RPR
1325,STV
1326,UDR
1327,IXB
1328,BBI
1329,GOP
1330,GAU
1331,DIB
1332,PAT
1333,IXR
1334,IXD
1335,KUU
1336,IXC
1337,DED
1338,DHM
1339,IXJ
1340,KNU
1341,LUH
1342,IXL
1343,SXR
1344,ALH
1345,BQB
1346,DCN
1347,EPR
1348,GET
1349,RVT
1350,ZNE
1351,PBO
1352,KNX
1353,LEA
1354,XCH
1355,PAD
1356,NRN
1357,LDY
1358,CAL
1359,KOI
1360,LSI
1361,WIC
1362,ILY
1363,BEB
1364,SYY
1365,BRR
1366,TRE
1367,GSE
1368,NYO
1369,RLG
1370,BJL
1371,FEZ
1372,OUD
1373,BJM
1374,RGS
1375,LEN
1376,SLM
1377,VLL
1378,EGC
1379,PIS
1380,AOK
1381,KVA
1382,MJT
1383,LMP
1384,PNL
1385,REG
1386,TRS
1387,AOI
1388,AOE
1389,DOK
1390,IEV
1391,CEK
1392,PEE
1393,VOZ
1394,RTW
1395,UFA
1396,BZO
1397,AAR
1398,ALF
1399,FDE
1400,BNN
1401,BOO
1402,BDU
1403,EVE
1404,VDB
1405,FRO
1406,HAU
1407,KSU
1408,KKN
1409,MOL
1410,OLA
1411,HOV
1412,RRS
1413,LYR
1414,SDN
1415,SOG
1416,SRP
1417,SSJ
1418,PLQ
1419,FKB
1420,DND
1421,MMX
1422,SFT
1423,VST
1424,PDV
1425,OSI
1426,ZAZ
1427,DNR
1428,TLN
1429,PSR
1430,PMF
1431,PEG
1432,BRQ
1433,HIR
1434,YBC
1435,YBG
1436,YGL
1437,YGW
1438,YHM
1439,YHY
1440,YMT
1441,YOJ
1442,YOP
1443,YQU
1444,YSM
1445,YUY
1446,YVO
1447,YVP
1448,YWK
1449,YXX
1450,YYY
1451,YZV
1452,ZBF
1453,SDL
1454,BLE
1455,FSP
1456,TIJ
1457,CYO
1458,SON
1459,HKK
1460,IVC
1461,TIU
1462,WSZ
1463,BCI
1464,BKQ
1465,CTL
1466,ISA
1467,ROK
1468,BDB
1469,CNJ
1470,EMD
1471,LRE
1472,MOV
1473,RMA
1474,DOY
1475,DDG
1476,NTG
1477,DQA
1478,HIA
1479,JIQ
1480,NBS
1481,CIF
1482,CIH
1483,DSN
1484,DAT
1485,ERL
1486,HET
1487,BAV
1488,TGO
1489,WUA
1490,HLH
1491,XIL
1492,YCU
1493,BHY
1494,CGD
1495,DYG
1496,KWL
1497,ZUH
1498,LZH
1499,ZHA
1500,LYA
1501,XFN
1502,YIH
1503,INC
1504,JNG
1505,XNN
1506,ENY
1507,UYN
1508,ZHY
1509,LUM
1510,AQG
1511,CZX
1512,FUG
1513,KOW
1514,JDZ
1515,JIU
1516,LYG
1517,HYN
1518,LYI
1519,HFE
1520,JJN
1521,TXN
1522,WEF
1523,WUS
1524,WNZ
1525,YNZ
1526,YIW
1527,HSN
1528,DAX
1529,GYS
1530,LZO
1531,MXZ
1532,YYE
1533,NAY
1534,CUL
1535,CTM
1536,CEN
1537,CPE
1538,CJS
1539,CVM
1540,TPQ
1541,CLQ
1542,JAL
1543,LZC
1544,LMM
1545,LAP
1546,MAM
1547,MXL
1548,MTT
1549,NLD
1550,PAZ
1551,PDS
1552,PQM
1553,PXM
1554,REX
1555,TGZ
1556,TAP
1557,ROS
1558,AEP
1559,COR
1560,MDZ
1561,IGR
1562,REL
1563,FTE
1564,USH
1565,BRC
1566,AJU
1567,ARU
1568,PLU
1569,CAC
1570,CGR
1571,CGB
1572,IGU
1573,FLN
1574,FOR
1575,GYN
1576,IOS
1577,IPN
1578,JPA
1579,JDO
1580,JOI
1581,VCP
1582,LDB
1583,MGF
1584,MCZ
1585,NVT
1586,POA
1587,PFB
1588,BPS
1589,VDC
1590,SDU
1591,RAO
1592,NAT
1593,SLZ
1594,CGH
1595,SJP
1596,THE
1597,UDI
1598,UBA
1599,VIX
1600,ARI
1601,CPO
1602,BBA
1603,CJC
1604,PUQ
1605,IQQ
1606,ANF
1607,CCP
1608,IPC
1609,ZOS
1610,LSC
1611,ZCO
1612,PMC
1613,AGT
1614,CBB
1615,PCL
1616,TGI
1617,CIX
1618,AYP
1619,ANS
1620,ATA
1621,JAU
1622,JUL
1623,CJA
1624,TBP
1625,HUU
1626,IQT
1627,AQP
1628,TRU
1629,TPP
1630,TCQ
1631,PEM
1632,PIU
1633,CUZ
1634,DOU
1635,YBR
1636,YLL
1637,YQF
1638,YQL
1639,YXH
1640,RNB
1641,JKG
1642,MXX
1643,KID
1644,KLR
1645,HAD
1646,EVG
1647,GEV
1648,KRF
1649,LYC
1650,OER
1651,KRN
1652,UME
1653,VHM
1654,OSD
1655,HFS
1656,KSD
1657,LLA
1658,VBY
1659,AGH
1660,ZAL
1661,CDR
1662,KTT
1663,WIN
1664,BJA
1665,QSF
1666,BLJ
1667,TLM
1668,BSK
1669,TOE
1670,DZA
1671,ESU
1672,OZZ
1673,AGF
1674,PGX
1675,DCM
1676,LPY
1677,AUR
1678,LRT
1679,LAI
1680,UIP
1681,CAY
1682,BHJ
1683,BHU
1684,HBX
1685,JGA
1686,RAJ
1687,GWL
1688,BFN
1689,ELS
1690,ELL
1691,GRJ
1692,HDS
1693,KIM
1694,MQP
1695,HLA
1696,MGH
1697,PLZ
1698,PBZ
1699,PHW
1700,PZB
1701,PTG
1702,RCB
1703,UTN
1704,UTT
1705,FRW
1706,BBK
1707,MUB
1708,GBE
1709,MTS
1710,LVI
1711,NLA
1712,BEW
1713,INH
1714,MPM
1715,APL
1716,POL
1717,TET
1718,VNX
1719,BUQ
1720,VFA
1721,BLZ
1722,LLW
1723,MSU
1724,WVB
1725,FBM
1726,ZNZ
1727,GAF
1728,GAE
1729,LGG
1730,OST
1731,SCN
1732,LBC
1733,ZQW
1734,KSF
1735,DSA
1736,MST
1737,GRQ
1738,TMS
1739,SRX
1740,TOB
1741,BEN
1742,LAQ
1743,ILD
1744,DLE
1745,AXD
1746,JIK
1747,IOA
1748,KSO
1749,KZS
1750,JKL
1751,KZI
1752,LRS
1753,LXS
1754,MLO
1755,JNX
1756,PAS
1757,JTY
1758,JSI
1759,JSY
1760,JSH
1761,SKU
1762,SMA
1763,HOR
1764,TER
1765,PIX
1766,PXO
1767,MRA
1768,ATT
1769,KOZ
1770,CHU
1771,KLL
1772,WTL
1773,RNA
1774,ATD
1775,BNY
1776,CHY
1777,FRE
1778,IRA
1779,SCZ
1780,MUA
1781,GZO
1782,RNL
1783,EGM
1784,NNB
1785,RUS
1786,VAO
1787,KGE
1788,RBV
1789,BUA
1790,CMU
1791,DAU
1792,GKA
1793,GUR
1794,PNP
1795,HKN
1796,UNG
1797,KVG
1798,LNV
1799,MAG
1800,HGU
1801,MDU
1802,MAS
1803,MXH
1804,LAE
1805,TIZ
1806,TBG
1807,RAB
1808,VAI
1809,WBM
1810,WWK
1811,GOH
1812,SFJ
1813,RBQ
1814,BUL
1815,BCV
1816,CUK
1817,DGA
1818,PLJ
1819,SPR
1820,SQS
1821,TZA
1822,YAA
1823,YLE
1824,TVS
1825,OHE
1826,BSD
1827,LNJ
1828,PZI
1829,FUO
1830,AEB
1831,YZY
1832,LDS
1833,YKU
1834,YAG
1835,YKG
1836,YAY
1837,YCB
1838,YCL
1839,YCO
1840,YCY
1841,YFH
1842,YFO
1843,YFS
1844,YGP
1845,YGR
1846,YGT
1847,YGV
1848,YGX
1849,YNS
1850,YHK
1851,YHU
1852,ZEL
1853,YJT
1854,YKL
1855,YKQ
1856,YPJ
1857,YLC
1858,YSG
1859,XGR
1860,YMO
1861,YUD
1862,YNA
1863,YPH
1864,YPN
1865,YPX
1866,YPY
1867,YQD
1868,YQK
1869,YQX
1870,YRA
1871,YRL
1872,YRT
1873,YSK
1874,YTE
1875,YTH
1876,YTQ
1877,YUX
1878,YVB
1879,YVQ
1880,YWJ
1881,YWP
1882,YXL
1883,YXP
1884,YYH
1885,YYQ
1886,YYR
1887,YYU
1888,ZUM
1889,DJG
1890,MZW
1891,TEE
1892,HRM
1893,TID
1894,CFK
1895,CBH
1896,MUW
1897,EBH
1898,AZR
1899,GHA
1900,INZ
1901,TGR
1902,ELU
1903,OGX
1904,IAM
1905,BOY
1906,TML
1907,KMS
1908,NYI
1909,TKD
1910,QUO
1911,ABB
1912,BNI
1913,CBQ
1914,ENU
1915,IBA
1916,ILR
1917,QOW
1918,JOS
1919,KAD
1920,KAN
1921,PHC
1922,SKO
1923,YOL
1924,MHG
1925,XFW
1926,AGB
1927,URE
1928,LPP
1929,GLO
1930,EOI
1931,NRL
1932,PPW
1933,SOY
1934,NDY
1935,WRY
1936,ISC
1937,ACI
1938,CEG
1939,VLY
1940,EBJ
1941,KRP
1942,RNN
1943,SGD
1944,FAE
1945,ANX
1946,HFT
1947,HAA
1948,LKN
1949,MJF
1950,LKL
1951,NVK
1952,OSY
1953,MQN
1954,RVK
1955,RET
1956,SVJ
1957,SKN
1958,SKE
1959,SOJ
1960,VAW
1961,VDS
1962,THN
1963,AJR
1964,ORB
1965,TYF
1966,PJA
1967,HMV
1968,BSG
1969,RRG
1970,MVR
1971,NGE
1972,GOU
1973,CIP
1974,KAA
1975,MNS
1976,MFU
1977,SLI
1978,HAH
1979,ZSE
1980,SMS
1981,TMM
1982,MOQ
1983,DIE
1984,ANM
1985,MJN
1986,NOS
1987,WMN
1988,SVB
1989,FTU
1990,TLE
1991,SSY
1992,CAB
1993,CBT
1994,VPE
1995,NOV
1996,SVP
1997,MEG
1998,SPP
1999,MSZ
2000,VHC
2001,SZA
2002,SDD
2003,LUO
2004,POG
2005,VPY
2006,VXC
2007,UEL
2008,PRI
2009,LUD
2010,MDK
2011,BNB
2012,FKI
2013,KND
2014,KGA
2015,TSH
2016,MJM
2017,GMZ
2018,VDE
2019,OXB
2020,MLW
2021,VIL
2022,EUN
2023,TTU
2024,GNU
2025,ZIG
2026,NDB
2027,OUZ
2028,MMO
2029,SFL
2030,SNE
2031,AMH
2032,AXU
2033,BJR
2034,DIR
2035,GMB
2036,GDQ
2037,JIJ
2038,JIM
2039,MQX
2040,ASO
2041,BSA
2042,MGQ
2043,GLK
2044,ATZ
2045,HMB
2046,ASW
2047,ASM
2048,HKB
2049,EDL
2050,KIS
2051,LOK
2052,MYD
2053,WIL
2054,WJR
2055,GHT
2056,AKF
2057,LTD
2058,KME
2059,ELF
2060,EGN
2061,UYL
2062,ARK
2063,MBI
2064,MYW
2065,MWZ
2066,RUA
2067,KSE
2068,PAF
2069,PUM
2070,JGD
2071,JIC
2072,JUH
2073,BLV
2074,CGI
2075,CKB
2076,CNM
2077,ELD
2078,EWB
2079,GCN
2080,GDV
2081,GGW
2082,GLH
2083,HON
2084,HOT
2085,HTS
2086,HVR
2087,IRK
2088,JBR
2089,LAM
2090,LCK
2091,LUK
2092,LYH
2093,MBL
2094,MMU
2095,MSS
2096,MWA
2097,OGS
2098,OLF
2099,OWB
2100,PDT
2101,PGV
2102,PSM
2103,SDY
2104,TBN
2105,TEB
2106,TVF
2107,UIN
2108,WRL
2109,YNG
2110,DZN
2111,ECN
2112,BWK
2113,EBU
2114,AVN
2115,LEH
2116,XCR
2117,DIJ
2118,KSJ
2119,DEB
2120,CUF
2121,RMI
2122,KLV
2123,PED
2124,ETH
2125,CVU
2126,FLW
2127,GRW
2128,SJZ
2129,OMO
2130,TZL
2131,ARW
2132,BAY
2133,CND
2134,CRA
2135,OMR
2136,SUJ
2137,TGM
2138,ADA
2139,GZT
2140,KFS
2141,MZH
2142,VAS
2143,ONQ
2144,MLX
2145,DNZ
2146,NAV
2147,CKZ
2148,KCO
2149,TEQ
2150,EZS
2151,DIY
2152,ERC
2153,ERZ
2154,KSY
2155,TZX
2156,VAN
2157,BAL
2158,MSR
2159,KCM
2160,AJI
2161,ADF
2162,MQM
2163,GNY
2164,HTY
2165,ISE
2166,EDO
2167,QUB
2168,GLN
2169,GDT
2170,XSC
2171,JBQ
2172,FRS
2173,LCE
2174,PEU
2175,JXA
2176,BOC
2177,DAV
2178,FON
2179,TTQ
2180,HEK
2181,DRK
2182,GLF
2183,NOB
2184,PJM
2185,PMZ
2186,SYQ
2187,XQP
2188,TNO
2189,TMU
2190,CAP
2191,GAO
2192,LYB
2193,AXP
2194,ATC
2195,CRI
2196,RSD
2197,IGA
2198,LGI
2199,SML
2200,MYG
2201,RCY
2202,AIT
2203,AIU
2204,MGS
2205,MUK
2206,MOI
2207,ICI
2208,BFJ
2209,KDV
2210,LKB
2211,LBS
2212,TVU
2213,RTA
2214,SVU
2215,VBV
2216,GMO
2217,QRW
2218,FUN
2219,WLS
2220,RMT
2221,RUR
2222,TUB
2223,RVV
2224,TIH
2225,FAV
2226,XMH
2227,AXR
2228,MVT
2229,AHE
2230,RKA
2231,TKX
2232,NHV
2233,AUQ
2234,BOB
2235,RGI
2236,HUH
2237,MOZ
2238,HOI
2239,MAU
2240,RFP
2241,SLH
2242,EAE
2243,CCV
2244,LOD
2245,SSR
2246,PBJ
2247,LPM
2248,LNB
2249,MWF
2250,LNE
2251,NUS
2252,ZGU
2253,TGH
2254,VLS
2255,WLH
2256,SWJ
2257,DLY
2258,IPA
2259,TAH
2260,KRL
2261,MZR
2262,HOF
2263,ABT
2264,BHH
2265,DWD
2266,GIZ
2267,URY
2268,EAM
2269,AQI
2270,RAH
2271,RAE
2272,SHW
2273,AJF
2274,TUI
2275,WAE
2276,EJH
2277,YUS
2278,ABD
2279,MRX
2280,SXI
2281,KSH
2282,RAS
2283,HDM
2284,THR
2285,KER
2286,XBJ
2287,GBT
2288,NSH
2289,RZR
2290,SRY
2291,ADU
2292,OMH
2293,AZD
2294,ACZ
2295,AQJ
2296,AAN
2297,FJR
2298,KHS
2299,BHV
2300,CJL
2301,DEA
2302,DSK
2303,LYP
2304,GWD
2305,GIL
2306,MJD
2307,PJG
2308,UET
2309,RYK
2310,KDU
2311,SKZ
2312,TUK
2313,ORI
2314,AXK
2315,AAY
2316,HOD
2317,SCT
2318,GXF
2319,TAI
2320,BTI
2321,BKC
2322,BTT
2323,CEM
2324,CIK
2325,CYF
2326,DRG
2327,MLL
2328,KKH
2329,EEK
2330,EMK
2331,ABL
2332,GAL
2333,GLV
2334,GAM
2335,GST
2336,SGY
2337,HCR
2338,HNS
2339,HPB
2340,SHX
2341,IAN
2342,WAA
2343,KFP
2344,AKK
2345,KPN
2346,KKA
2347,AKP
2348,KLW
2349,KLN
2350,KLG
2351,SMK
2352,MLY
2353,MOU
2354,WNA
2355,HNH
2356,OOK
2357,PSG
2358,PIP
2359,PHO
2360,KWN
2361,NUI
2362,RBY
2363,SVA
2364,SHH
2365,SIT
2366,WLK
2367,TAL
2368,TNC
2369,TLA
2370,ATK
2371,VAK
2372,KVC
2373,KVL
2374,WBQ
2375,WRG
2376,AIN
2377,WMO
2378,WTK
2379,YAK
2380,AET
2381,ELI
2382,KUK
2383,KOT
2384,KTS
2385,KWT
2386,ORV
2387,SKK
2388,WSN
2389,FYU
2390,TFI
2391,ROP
2392,CHG
2393,HNM
2394,MUE
2395,KWA
2396,PIZ
2397,TKK
2398,YAP
2399,KNH
2400,TTT
2401,MZG
2402,HUN
2403,MMJ
2404,IBR
2405,IKI
2406,TSJ
2407,FUJ
2408,NKM
2409,FSZ
2410,FKS
2411,HNA
2412,KWJ
2413,KUV
2414,RSU
2415,WJU
2416,YNY
2417,HIN
2418,USN
2419,KPO
2420,RMP
2421,UEO
2422,LAO
2423,LGP
2424,CBO
2425,BXU
2426,DPL
2427,CGM
2428,CGY
2429,OZC
2430,PAG
2431,GES
2432,SUG
2433,ZAM
2434,IAO
2435,SJI
2436,WNP
2437,BSO
2438,TUG
2439,VRC
2440,CYZ
2441,TAC
2442,BCD
2443,CYP
2444,DGT
2445,MPH
2446,CRM
2447,MBT
2448,PPS
2449,RXS
2450,TAG
2451,USU
2452,NGK
2453,GRV
2454,VUS
2455,PRA
2456,SFN
2457,AFA
2458,CTC
2459,SDE
2460,RHD
2461,IRJ
2462,TUC
2463,UAQ
2464,LUQ
2465,RES
2466,FMA
2467,PSS
2468,SLA
2469,JUJ
2470,CRD
2471,EQS
2472,VDM
2473,PMY
2474,RGA
2475,RGL
2476,BHI
2477,MDQ
2478,NQN
2479,RSA
2480,CPC
2481,AQA
2482,AFL
2483,AAX
2484,BVB
2485,CFB
2486,CFC
2487,XAP
2488,CKS
2489,CCM
2490,CLV
2491,CAW
2492,CMG
2493,CXJ
2494,BYO
2495,PPB
2496,FEN
2497,GPB
2498,GVR
2499,ATM
2500,IMP
2501,CPV
2502,LEC
2503,LAZ
2504,MAB
2505,MEU
2506,MEA
2507,MOC
2508,MII
2509,MCP
2510,PHB
2511,PMW
2512,PET
2513,PNZ
2514,PVH
2515,RBR
2516,SJK
2517,RIA
2518,STM
2519,TFF
2520,TBT
2521,PAV
2522,BVH
2523,IZA
2524,MHC
2525,AOG
2526,OCC
2527,CUE
2528,GPS
2529,LTX
2530,XMS
2531,MEC
2532,LGQ
2533,ETR
2534,SCY
2535,LOH
2536,ESM
2537,TUA
2538,JTC
2539,PUU
2540,BGA
2541,BUN
2542,CUC
2543,TCO
2544,CZU
2545,EJA
2546,FLA
2547,GPI
2548,IBE
2549,IPI
2550,APO
2551,LET
2552,EOH
2553,MTR
2554,MVP
2555,MZL
2556,NVA
2557,PCR
2558,PDA
2559,PEI
2560,PPN
2561,PSO
2562,RCH
2563,SJE
2564,SMR
2565,ADZ
2566,SVI
2567,TME
2568,AUC
2569,UIB
2570,VUP
2571,VVC
2572,EYP
2573,CIJ
2574,SRZ
2575,POI
2576,SRE
2577,TJA
2578,TDD
2579,UYU
2580,BRA
2581,POJ
2582,BVS
2583,ERM
2584,JCB
2585,OAL
2586,SRA
2587,PDP
2588,BNS
2589,BRM
2590,CZE
2591,CUM
2592,LSP
2593,LFR
2594,MRD
2595,PMV
2596,MUN
2597,CBS
2598,PYH
2599,PBL
2600,PZO
2601,SVS
2602,SVZ
2603,STD
2604,SOM
2605,VLN
2606,VIG
2607,VLV
2608,BAZ
2609,AUX
2610,JPR
2611,CIZ
2612,RVD
2613,PIN
2614,ROO
2615,OPS
2616,SXP
2617,OGL
2618,TCT
2619,SFG
2620,SLU
2621,TLT
2622,EUX
2623,SAB
2624,BGG
2625,IGD
2626,SVD
2627,KOV
2628,PPK
2629,DMB
2630,OSS
2631,CIT
2632,JNZ
2633,KGF
2634,KZO
2635,URA
2636,UKK
2637,PWQ
2638,SCO
2639,AKX
2640,KSN
2641,KVD
2642,LLK
2643,NAJ
2644,GBB
2645,LWN
2646,ULK
2647,PYJ
2648,MJZ
2649,CKH
2650,CYX
2651,IKS
2652,KUT
2653,BUS
2654,BQS
2655,DYR
2656,GDX
2657,PWE
2658,PKC
2659,BVV
2660,OHH
2661,EKS
2662,DEE
2663,HTA
2664,BTK
2665,ODO
2666,KCK
2667,UKX
2668,OZH
2669,UKS
2670,SIP
2671,IFO
2672,UDJ
2673,VIN
2674,ARH
2675,ULH
2676,KVK
2677,MMK
2678,PES
2679,KGD
2680,ABA
2681,BAX
2682,RGK
2683,KEJ
2684,KYZ
2685,OMS
2686,TOF
2687,NOZ
2688,IAA
2689,NSK
2690,THX
2691,AAQ
2692,GDZ
2693,MCX
2694,OGZ
2695,STW
2696,TGK
2697,AER
2698,ASF
2699,ESL
2700,MQF
2701,SLY
2702,HMA
2703,NYA
2704,OVS
2705,URJ
2706,EYK
2707,IJK
2708,KVX
2709,NYM
2710,NUX
2711,NJC
2712,KGP
2713,NOJ
2714,SGC
2715,TJM
2716,KRO
2717,TJU
2718,LBD
2719,KQT
2720,AZN
2721,FEG
2722,NMA
2723,NCU
2724,NVI
2725,BHK
2726,KSQ
2727,SKD
2728,TMJ
2729,IAR
2730,EGO
2731,URS
2732,TBW
2733,UCT
2734,VKT
2735,SCW
2736,UUA
2737,KZN
2738,NBC
2739,CSY
2740,ULV
2741,REN
2742,OSW
2743,PEZ
2744,SKX
2745,YIN
2746,IXG
2747,KCT
2748,GIU
2749,HRI
2750,KOS
2751,IXA
2752,SHL
2753,IMF
2754,IXS
2755,AJL
2756,DMU
2757,BZL
2758,CXB
2759,JSR
2760,SPD
2761,HOE
2762,LPQ
2763,LXG
2764,ODY
2765,PKZ
2766,ZVK
2767,XKH
2768,VDH
2769,BHR
2770,BWA
2771,BDP
2772,DHI
2773,JKR
2774,KEP
2775,PKR
2776,TMI
2777,BIR
2778,AGX
2779,VGA
2780,IXM
2781,MYQ
2782,IXZ
2783,RJA
2784,TIR
2785,PBH
2786,FVM
2787,GAN
2788,HAQ
2789,KDO
2790,GKK
2791,KDM
2792,TDX
2793,UTP
2794,HGN
2795,PYY
2796,LPT
2797,NNT
2798,PRH
2799,CEI
2800,MAQ
2801,THS
2802,PHS
2803,URT
2804,NAW
2805,CJM
2806,NST
2807,URC
2808,UNN
2809,TST
2810,UTH
2811,SNO
2812,KKC
2813,LOE
2814,BFV
2815,UBP
2816,ROI
2817,KOP
2818,BMV
2819,VCL
2820,HPH
2821,CAH
2822,CXR
2823,VCS
2824,VCA
2825,DIN
2826,DLI
2827,HUI
2828,UIH
2829,PXU
2830,PQC
2831,VKG
2832,TBB
2833,VII
2834,NYU
2835,TVY
2836,NYT
2837,HEH
2838,KYP
2839,MDL
2840,MYT
2841,AKY
2842,SNW
2843,THL
2844,MJU
2845,BIK
2846,TIM
2847,BMU
2848,TMC
2849,WGP
2850,DJJ
2851,BEJ
2852,TRK
2853,GTO
2854,NAH
2855,KAZ
2856,PLW
2857,MNA
2858,PSJ
2859,TTE
2860,LUW
2861,PKN
2862,KBU
2863,BDJ
2864,PKY
2865,AMQ
2866,MLG
2867,MKW
2868,SOQ
2869,MOF
2870,LBJ
2871,KOE
2872,BUW
2873,KDI
2874,WBB
2875,BTU
2876,LGL
2877,ODN
2878,LMN
2879,MKM
2880,LKH
2881,MUR
2882,SBW
2883,TGC
2884,LWY
2885,BBN
2886,LDU
2887,LBU
2888,SDK
2889,KUD
2890,TWU
2891,MZV
2892,TKG
2893,BTH
2894,TNJ
2895,KHG
2896,TJQ
2897,PNK
2898,DJB
2899,PGK
2900,BKS
2901,PDG
2902,BTJ
2903,AOR
2904,KTE
2905,JHB
2906,AUU
2907,ABM
2908,BQL
2909,WEI
2910,CPD
2911,CED
2912,CUQ
2913,DMD
2914,FLS
2915,GFN
2916,GTE
2917,HID
2918,JCK
2919,KWM
2920,KGC
2921,IRG
2922,MNG
2923,MCV
2924,NTN
2925,OLP
2926,PUG
2927,CCK
2928,GOV
2929,PLO
2930,EDR
2931,ULP
2932,SGO
2933,WYA
2934,KBC
2935,HDG
2936,SHP
2937,SJW
2938,HJJ
2939,LLF
2940,WUZ
2941,ENH
2942,NNY
2943,DNH
2944,GOQ
2945,JGN
2946,IQN
2947,GXH
2948,BYN
2949,COQ
2950,ULZ
2951,DLZ
2952,HVD
2953,MXV
2954,ULO
2955,ULG
2956,DLU
2957,DIG
2958,JHG
2959,SYM
2960,ZAT
2961,JUZ
2962,LCX
2963,NGQ
2964,AVA
2965,BPX
2966,JZH
2967,MIG
2968,NAO
2969,HZH
2970,LZY
2971,TCZ
2972,TEN
2973,WXN
2974,XIC
2975,YBP
2976,ACX
2977,ZYI
2978,AKU
2979,HMI
2980,PLX
2981,YTY
2982,GEL
2983,TLJ
2984,IGG
2985,CKD
2986,AHU
2987,RDV
2988,OMD
2989,TMR
2990,YPL
2991,YLH
2992,KGG
2993,SLQ
2994,NUP
2995,MNT
2996,IRC
2997,TNW
2998,KYK
2999,GMR
3000,MKP
3001,GNM
3002,KKR
3003,UGB
3004,MYU
3005,TNK
3006,NME
3007,PTU
3008,RSH
3009,PQS
3010,KHZ
3011,PKA
3012,EGX
3013,WWT
3014,PTH
3015,KXU
3016,YZS
3017,RKV
3018,LEQ
3019,UST
3020,YIC
3021,WNH
3022,NER
3023,NZH
3024,RLK
3025,IWK
3026,TCR
3027,SZE
3028,LMA
3029,KZR
3030,NOP
3031,OSM
3032,THD
3033,LLB
3034,DCY
3035,KGT
3036,RVE
3037,VGZ
3038,DRV
3039,OLL
3040,YFA
3041,HTN
3042,WMX
3043,MGZ
3044,TGP
3045,SUK
3046,OGD
3047,JOL
3048,KAW
3049,ZKE
3050,YAT
3051,KUS
3052,IFJ
3053,EGS
3054,AEY
3055,YCS
3056,YUT
3057,ELG
3058,LTI
3059,ZQZ
3060,CMA
3061,XTG
3062,AAT
3063,ABS
3064,ACR
3065,AFZ
3066,AKI
3067,AKV
3068,ANG
3069,ANV
3070,ASV
3071,AUK
3072,AUY
3073,AWD
3074,BEU
3075,BJB
3076,BJF
3077,BKM
3078,BKY
3079,BKZ
3080,BMW
3081,BPL
3082,BSC
3083,BTC
3084,BUC
3085,BVG
3086,BVI
3087,BXB
3088,BXR
3089,BYC
3090,CAJ
3091,CNP
3092,CSH
3093,CZH
3094,CZS
3095,DEF
3096,ELC
3097,ENE
3098,ERN
3099,FTA
3100,FUT
3101,GCH
3102,GDE
3103,GJA
3104,GYA
3105,HFA
3106,IIL
3107,IRZ
3108,ITB
3109,JAV
3110,JEG
3111,JFR
3112,JHS
3113,JSU
3114,KAL
3115,KCA
3116,KHD
3117,KHY
3118,KIF
3119,KRY
3120,KTL
3121,KTG
3122,KWK
3123,LAU
3124,LBP
3125,LCR
3126,LKG
3127,LMC
3128,LPD
3129,LQM
3130,LSA
3131,MGT
3132,MKQ
3133,NIB
3134,GMA
3135,MEH
3136,ZFN
3137,ZEM
3138,ZDY
3139,ZGS
3140,YXN
3141,YVM
3142,YSO
3143,YRG
3144,YQC
3145,YPO
3146,YOG
3147,YNC
3148,YIO
3149,YIK
3150,YIE
3151,YHR
3152,YHI
3153,YGH
3154,YFJ
3155,YEV
3156,YES
3157,YEK
3158,YDP
3159,YBX
3160,YBK
3161,YAC
3162,XKS
3163,XBE
3164,WNR
3165,WMR
3166,VEE
3167,UTS
3168,USK
3169,URG
3170,UKA
3171,UAS
3172,UAP
3173,UAK
3174,UAH
3175,TRR
3176,TQL
3177,TOH
3178,TOG
3179,TMT
3180,TKP
3181,TCG
3182,SNV
3183,SLX
3184,SJL
3185,RCM
3186,PZH
3187,PVA
3188,PND
3189,PGU
3190,PFQ
3191,PBU
3192,PAC
3193,ORZ
3194,ORU
3195,ONG
3196,OLC
3197,OKL
3198,NTX
3199,NQU
3200,NNM
3201,KSA
3202,NLT
3203,NLG
3204,NBX
3205,MTV
3206,MSA
3207,KGX
3208,KAE
3209,JUV
3210,JQA
3211,SHC
3212,SDV
3213,SDG
3214,RIB
3215,ZTB
3216,ZPB
3217,ZLT
3218,YIF
3219,ZKG
3220,ARC
3221,ZFM
3222,YZG
3223,YWB
3224,YUB
3225,YSY
3226,YPC
3227,YNP
3228,YMN
3229,YHO
3230,YTL
3231,YGZ
3232,YRB
3233,YAB
3234,THU
3235,NAQ
3236,OLH
3237,INI
3238,PNI
3239,SZI
3240,TUR
3241,YAX
3242,YER
3243,ZSJ
3244,YVZ
3245,YPM
3246,KEW
3247,YHP
3248,YNO
3249,YHD
3250,ZRJ
3251,TTA
3252,SXK
3253,SVK
3254,INB
3255,RIG
3256,SHG
3257,OBU
3258,SCM
3259,SWO
3260,KNO
3261,NAA
3262,LUV
3263,DOB
3264,ZIA
3265,CFG
3266,CDT
3267,LCJ
3268,HLP
3269,BCM
3270,NIF
3271,INT
3272,APA
3273,USA
3274,DAM
3275,NAL
3276,SZY
3277,VDA
3278,WTB
3279,BLB
3280,OMC
3281,BWU
3282,VRB
3283,SUN
3284,BID
3285,DVL
3286,JMS
3287,HYS
3288,MCW
3289,NBW
3290,SFH
3291,SHF
3292,BPE
3293,FYJ
3294,PNT
3295,LLV
3296,WEH
3297,WDS
3298,UCB
3299,TNH
3300,TLQ
3301,THQ
3302,SQJ
3303,RKZ
3304,RIZ
3305,LPF
3306,CVN
3307,CVT
3308,SZF
3309,KHE
3310,NKT
3311,YKO
3312,OGU
3313,AFW
3314,IWD
3315,LFQ
3316,KJI
3317,MEB
3318,ENF
3319,WMB
3320,PTJ
3321,CMF
3322,MZO
3323,TEX
3324,LPK
3325,ULY
3326,FOD
3327,HUZ
3328,HZG
3329,HNY
3330,YKH
3331,MPN
3332,PSY
3333,ASI
3334,BZZ
3335,HLE
3336,RKT
3337,KAC
3338,GNB
3339,FYN
3340,MNI
3341,THG
3342,TDK
3343,XTO
3344,CCL
3345,TQP
3346,RDP
3347,IFP
3348,KXK
3349,GMQ
3350,GYU
3351,HPG
3352,HTT
3353,HCJ
3354,SCV
3355,VIT
3356,IQM
3357,KJH
3358,HXD
3359,AHJ
3360,CWC
3361,BZK
3362,UZR
3363,BBL
3364,MOO
3365,VTB
3366,ANE
3367,URO
3368,LOV
3369,OHS
3370,FIE
3371,LWK
3372,FOA
3373,PSV
3374,NDZ
3375,WOL
3376,OND
3377,GAY
3378,ENI
3379,IGT
3380,EPA
3381,YHG
3382,MBX
3383,KLF
3384,JSK
3385,CAT
3386,VRL
3387,VSE
3388,PRM
3389,BGC
3390,CNQ
3391,YAZ
3392,OHD
3393,MKZ
3394,CHR
3395,TLK
3396,GRS
3397,HHQ
3398,GME
3399,CRV
3400,NLI
3401,EKA
3402,CVQ
3403,MJK
3404,GOB
3405,AWA
3406,JRH
3407,BYK
3408,DTB
3409,TKQ
3410,AEH
3411,SRH
3412,DSS
3413,MQQ
3414,FYT
3415,ERH
3416,DRT
3417,BAR
3418,USJ
3419,TYL
3420,CNN
3421,JAE
3422,INF
3423,KLB
3424,VDO
3425,RMU
3426,PAE
3427,LUA
3428,MRQ
3429,SHI
3430,BXG
3431,UAR
3432,TRA
3433,ISL
3434,USQ
3435,MJI
3436,SXZ
3437,XSP
3438,ZTA
3439,BFM
3440,NUK
3441,DBB
3442,GGR
3443,KJT
3444,TSL
3445,PKX
3446,BZX
3447,DBC
3448,ETM
3449,KET
3450,KFE
3451,KHM
3452,KTR
3453,MNC
3454,SQD
3455,BPG
3456,CQA
3457,DOD
3458,SEU
3459,NRR
3460,LNL
3461,XAI
3462,YYA
3463,BQJ
3464,DPT
3465,AKR
3466,APK
3467,BWB
3468,CEH
3469,CMK
3470,CRC
3471,EUA
3472,GYG
3473,GYZ
3474,HFN
3475,HPA
3476,HZK
3477,LIX
3478,LRV
3479,MYC
3480,NFO
3481,SFD
3482,UMS
3483,VAV
3484,VCV
3485,VUU
3486,WZA
3487,XWA
3488,YEI
3489,ZZU
3490,YIA
3491,NUL
3492,KMV
3493,KHT
3494,SYS
3495,AAA
3496,GBI
3497,KVO
3498,AF
3499,AL
3500,DZ
3501,AS
3502,AD
3503,AO
3504,AI
3505,AG
3506,AR
3507,AM
3508,AW
3509,AT
3510,AU
3511,AZ
3512,BS
3513,BH
3514,BD
3515,BB
3516,BY
3517,BE
3518,BZ
3519,BJ
3520,BM
3521,BT
3522,BO
3523,BQ
3524,BA
3525,BW
3526,BR
3527,VG
3528,BN
3529,BG
3530,BF
3531,BI
3532,KH
3533,CM
3534,CV
3535,CA
3536,KY
3537,CF
3538,TD
3539,CL
3540,CN
3541,CX
3542,CO
3543,CG
3544,CK
3545,CR
3546,CI
3547,CC
3548,KM
3549,HR
3550,CU
3551,CW
3552,CY
3553,CZ
3554,KP
3555,CD
3556,DK
3557,DJ
3558,DM
3559,DO
3560,DE
3561,GL
3562,EC
3563,EG
3564,SV
3565,ER
3566,EE
3567,ET
3568,GQ
3569,FK
3570,FO
3571,FM
3572,FJ
3573,FI
3574,FR
3575,GF
3576,PF
3577,GA
3578,GM
3579,GE
3580,GH
3581,GI
3582,GR
3583,GD
3584,GU
3585,GP
3586,GT
3587,GG
3588,GN
3589,GW
3590,GY
3591,HT
3592,HN
3593,HK
3594,HU
3595,IS
3596,IN
3597,ID
3598,IQ
3599,IR
3600,IE
3601,IM
3602,IL
3603,IT
3604,JM
3605,JP
3606,JE
3607,JO
3608,KZ
3609,KE
3610,KI
3611,KS
3612,KW
3613,KG
3614,LA
3615,LV
3616,LB
3617,LS
3618,LR
3619,LY
3620,LI
3621,LT
3622,LU
3623,MO
3624,MK
3625,MG
3626,MW
3627,MY
3628,ML
3629,MT
3630,MV
3631,MH
3632,MQ
3633,MR
3634,MU
3635,YT
3636,MM
3637,MX
3638,MC
3639,ME
3640,MN
3641,MS
3642,MA
3643,MD
3644,MZ
3645,XX
3646,NR
3647,NP
3648,NL
3649,NC
3650,NI
3651,NE
3652,NG
3653,NF
3654,MP
3655,NO
3656,NZ
3657,OM
3658,PA
3659,PK
3660,PG
3661,PY
3662,PW
3663,PE
3664,PH
3665,PN
3666,PL
3667,PT
3668,PR
3669,QA
3670,KR
3671,RE
3672,RO
3673,RU
3674,RW
3675,BL
3676,SH
3677,KN
3678,LC
3679,MF
3680,PM
3681,VC
3682,WS
3683,SM
3684,ST
3685,SA
3686,SR
3687,SC
3688,SL
3689,SN
3690,RS
3691,SG
3692,SX
3693,SK
3694,SI
3695,ES
3696,SO
3697,SB
3698,ZA
3699,SS
3700,LK
3701,SD
3702,SE
3703,SZ
3704,CH
3705,SY
3706,TW
3707,TJ
3708,TZ
3709,TG
3710,TO
3711,TH
3712,TL
3713,TT
3714,TN
3715,TR
3716,TM
3717,TC
3718,TV
3719,UG
3720,UA
3721,UK
3722,AE
3723,US
3724,UY
3725,UZ
3726,VU
3727,VE
3728,VI
3729,VN
3730,WF
3731,EH
3732,YE
3733,ZM
3734,ZW
3735,EU
3736,AF
3737,YY
3738,SA
3739,AS
3740,OC
3741,AN
